"УИК","ТИК","избирателей в списках","действительных бюллетеней","КПРФ","Зеленые","ЛДПР","Новые Люди","Единая Россия","Справедливая Россия","Яблоко","Партия Роста","РПСС","Коммунисты России","Гражданская платформа","Зеленая Альтернатива","Родина","Партия пенсионеров","явка","процент ЕР","сумма не-ЕР","процент не-ЕР"
"1","Волжский",2026,666,206,16,43,50,219,51,30,2,7,10,3,6,10,13,"32.8726554787759","32.8828828828829",447,"67.1171171171171"
"4","Волжский",1067,383,113,11,15,20,133,35,21,0,7,2,0,8,5,13,"35.8950328022493","34.7258485639687",250,"65.2741514360313"
"5","Волжский",1623,606,182,11,34,32,224,52,26,2,13,9,0,2,6,13,"37.3382624768946","36.963696369637",382,"63.036303630363"
"6","Волжский",2277,1037,262,21,50,57,475,62,37,7,8,9,2,13,5,29,"45.542380324989","45.8052073288332",562,"54.1947926711668"
"7","Волжский",1326,567,148,12,22,28,229,51,23,4,9,11,2,8,7,13,"42.7601809954751","40.3880070546737",338,"59.6119929453263"
"8","Волжский",1265,431,138,5,27,21,158,42,17,0,5,3,0,6,1,8,"34.0711462450593","36.6589327146172",273,"63.3410672853828"
"9","Волжский",997,366,63,1,4,10,239,20,14,2,3,0,0,0,3,7,"36.7101303911735","65.3005464480874",127,"34.6994535519126"
"10","Волжский",1526,485,150,4,22,17,209,29,16,2,6,5,0,4,9,12,"31.7824377457405","43.0927835051546",276,"56.9072164948454"
"11","Волжский",1564,652,102,8,30,19,382,62,17,1,3,8,1,3,5,11,"41.6879795396419","58.5889570552147",270,"41.4110429447853"
"12","Волжский",939,369,99,6,16,22,149,28,20,3,10,3,0,1,2,10,"39.297124600639","40.3794037940379",220,"59.6205962059621"
"13","Волжский",2292,650,214,9,29,41,225,57,20,0,9,7,0,7,14,18,"28.3595113438045","34.6153846153846",425,"65.3846153846154"
"14","Волжский",2099,791,264,8,35,30,346,45,5,3,8,9,0,8,6,24,"37.6846117198666","43.7420986093552",445,"56.2579013906447"
"15","Волжский",2174,790,235,12,27,43,350,52,18,3,5,10,1,12,7,15,"36.3385464581417","44.3037974683544",440,"55.6962025316456"
"16","Волжский",2267,795,252,5,26,56,300,70,12,0,11,12,0,12,10,29,"35.0683722981914","37.7358490566038",495,"62.2641509433962"
"17","Волжский",2027,648,240,3,42,38,259,42,9,0,2,3,0,3,4,3,"31.9684262456833","39.9691358024691",389,"60.0308641975309"
"18","Волжский",1267,423,153,12,16,17,154,29,14,3,3,4,0,2,7,9,"33.3859510655091","36.4066193853428",269,"63.5933806146572"
"19","Волжский",2864,879,336,8,42,68,304,48,13,1,5,11,0,7,13,23,"30.6913407821229","34.584755403868",575,"65.415244596132"
"20","Волжский",2565,916,247,8,55,72,343,74,30,5,12,19,2,8,13,28,"35.7115009746589","37.4454148471616",573,"62.5545851528384"
"21","Волжский",1513,472,138,5,27,25,167,51,18,0,4,12,1,5,6,13,"31.1962987442168","35.3813559322034",305,"64.6186440677966"
"22","Волжский",1257,365,118,1,10,20,141,36,18,0,4,5,0,2,2,8,"29.0373906125696","38.6301369863014",224,"61.3698630136986"
"25","Волжский",1136,394,130,10,28,19,151,24,3,3,5,2,1,8,3,7,"34.6830985915493","38.3248730964467",243,"61.6751269035533"
"26","Волжский",1573,460,142,9,18,20,207,29,14,0,4,3,0,2,2,10,"29.2434837889383",45,253,55
"27","Волжский",1626,565,85,2,61,18,308,43,30,0,5,3,2,3,3,2,"34.7478474784748","54.5132743362832",257,"45.4867256637168"
"28","Волжский",1090,328,73,4,12,10,218,3,3,0,4,0,0,0,1,0,"30.0917431192661","66.4634146341463",110,"33.5365853658537"
"29","Волжский",1265,451,145,7,22,28,179,23,14,1,5,5,1,3,5,13,"35.6521739130435","39.689578713969",272,"60.310421286031"
"30","Волжский",2152,658,118,12,25,35,364,34,18,2,8,10,0,5,6,21,"30.5762081784387","55.3191489361702",294,"44.6808510638298"
"35","Волжский",1063,397,130,2,19,10,188,28,2,0,0,4,9,0,3,2,"37.3471307619944","47.3551637279597",209,"52.6448362720403"
"36","Волжский",1406,470,134,7,26,30,201,30,4,3,4,16,0,6,5,4,"33.4281650071124","42.7659574468085",269,"57.2340425531915"
"37","Волжский",1905,646,167,5,53,32,282,38,13,6,11,17,1,4,5,12,"33.9107611548556","43.6532507739938",364,"56.3467492260062"
"42","Волжский",2112,696,218,7,55,50,256,60,13,1,7,8,0,3,6,12,"32.9545454545455","36.7816091954023",440,"63.2183908045977"
"1889","Волжский",2730,803,230,10,53,41,354,46,11,3,7,15,0,5,5,23,"29.4139194139194","44.0846824408468",449,"55.9153175591532"
"1894","Волжский",1085,360,95,8,12,35,125,40,20,2,2,4,0,5,6,6,"33.1797235023041","34.7222222222222",235,"65.2777777777778"
"292","Октябрьский",1877,647,195,11,27,42,206,56,37,7,12,10,0,11,17,16,"34.4698987746404","31.839258114374",441,"68.160741885626"
"293","Октябрьский",1298,496,175,5,27,27,169,32,21,2,4,3,0,5,11,15,"38.2126348228043","34.0725806451613",327,"65.9274193548387"
"294","Октябрьский",1879,613,203,10,37,48,194,34,25,1,8,6,0,11,15,21,"32.6237360298031","31.6476345840131",419,"68.352365415987"
"295","Октябрьский",1833,567,216,6,25,29,199,20,21,1,11,6,0,9,4,20,"30.9328968903437","35.0970017636684",368,"64.9029982363316"
"296","Октябрьский",2299,1029,273,14,61,85,397,74,44,4,15,8,1,20,14,19,"44.758590691605","38.581146744412",632,"61.4188532555879"
"297","Октябрьский",2010,765,277,7,10,2,386,11,29,2,2,5,14,3,3,14,"38.0597014925373","50.4575163398693",379,"49.5424836601307"
"346","Фрунзенский",2037,752,235,17,50,53,238,50,38,4,16,12,1,10,8,20,"36.9170348551792","31.6489361702128",514,"68.3510638297872"
"348","Фрунзенский",1398,839,17,0,135,0,681,0,3,0,0,2,0,0,0,1,"60.0143061516452","81.1680572109654",158,"18.8319427890346"
"349","Фрунзенский",1109,661,14,1,5,0,599,39,1,0,0,2,0,0,0,0,"59.6032461677187","90.6202723146747",62,"9.37972768532526"
"350","Фрунзенский",1657,608,179,9,38,44,256,27,12,2,4,5,0,7,5,20,"36.6928183464092","42.1052631578947",352,"57.8947368421053"
"351","Фрунзенский",2055,724,187,6,26,1,441,5,19,1,7,3,2,5,5,16,"35.2311435523114","60.9116022099447",283,"39.0883977900552"
"352","Фрунзенский",1632,564,194,8,34,39,204,33,13,3,9,5,1,2,2,17,"34.5588235294118","36.1702127659575",360,"63.8297872340426"
"353","Фрунзенский",1812,997,275,6,36,3,639,4,12,13,2,2,1,0,3,1,"55.0220750551876","64.0922768304915",358,"35.9077231695085"
"354","Фрунзенский",1605,579,188,11,25,30,226,28,24,3,6,6,1,7,6,18,"36.0747663551402","39.0328151986183",353,"60.9671848013817"
"355","Фрунзенский",2725,901,305,21,34,58,312,67,35,2,10,4,0,15,14,24,"33.0642201834862","34.6281908990011",589,"65.3718091009989"
"356","Фрунзенский",1763,571,223,12,30,27,176,41,19,2,4,7,0,10,5,15,"32.3879750425411","30.8231173380035",395,"69.1768826619965"
"357","Фрунзенский",1677,699,187,7,28,26,389,12,17,2,2,8,0,4,2,15,"41.6815742397138","55.6509298998569",310,"44.3490701001431"
"1884","Волжский",2434,655,251,6,44,15,252,57,13,2,0,3,2,3,4,3,"26.9104354971241","38.4732824427481",403,"61.5267175572519"
"1890","Волжский",1724,470,192,7,33,39,144,25,6,2,2,2,1,3,2,12,"27.262180974478","30.6382978723404",326,"69.3617021276596"
"1899","Волжский",1950,612,223,14,28,51,218,29,10,2,6,6,1,6,8,10,"31.3846153846154","35.6209150326797",394,"64.3790849673203"
"1909","Волжский",1410,417,148,6,18,42,150,24,5,2,2,6,1,4,1,8,"29.5744680851064","35.9712230215827",267,"64.0287769784173"
"23","Волжский",1611,449,111,4,20,28,206,37,16,0,5,4,1,1,1,15,"27.870887647424","45.8797327394209",243,"54.1202672605791"
"24","Волжский",2157,484,180,5,24,31,171,33,3,2,4,4,0,5,8,14,"22.4385720908669","35.3305785123967",313,"64.6694214876033"
"31","Волжский",99,99,0,0,0,1,98,0,0,0,0,0,0,0,0,0,100,"98.989898989899",1,"1.01010101010101"
"32","Волжский",1068,367,127,6,20,17,133,18,9,1,3,4,4,7,6,12,"34.3632958801498","36.2397820163488",234,"63.7602179836512"
"33","Волжский",1313,353,124,6,23,14,129,25,7,0,3,2,0,2,1,17,"26.8849961919269","36.5439093484419",224,"63.4560906515581"
"34","Волжский",1132,400,111,1,24,9,200,26,4,0,4,4,1,3,3,10,"35.3356890459364",50,200,50
"38","Волжский",1411,381,130,1,23,18,141,16,3,3,4,17,1,2,3,19,"27.0021261516655","37.007874015748",240,"62.992125984252"
"39","Волжский",2264,893,234,15,60,49,378,57,16,10,10,17,8,9,13,17,"39.4434628975265","42.3292273236282",515,"57.6707726763718"
"40","Волжский",1621,590,163,5,37,40,252,43,10,3,8,5,1,8,4,11,"36.3972856261567","42.7118644067797",338,"57.2881355932203"
"41","Волжский",1994,683,215,13,33,47,259,40,19,1,5,9,0,10,6,26,"34.2527582748245","37.9209370424597",424,"62.0790629575403"
"43","Волжский",13,13,0,0,0,0,13,0,0,0,0,0,0,0,0,0,100,100,0,0
"44","Волжский",69,66,21,0,5,4,26,0,1,0,1,3,0,0,1,4,"95.6521739130435","39.3939393939394",40,"60.6060606060606"
"100","Заводский",2533,892,311,5,37,41,398,46,8,2,6,9,2,5,4,18,"35.2151598894591","44.6188340807175",494,"55.3811659192825"
"101","Заводский",40,40,8,1,3,2,21,4,0,0,0,0,0,0,0,1,100,"52.5",19,"47.5"
"102","Заводский",2483,751,256,8,50,18,329,33,9,3,4,11,0,5,4,21,"30.2456705598067","43.8082556591212",422,"56.1917443408788"
"103","Заводский",2596,691,259,3,41,20,291,41,5,2,3,10,1,3,3,9,"26.617873651772","42.1128798842258",400,"57.8871201157742"
"104","Заводский",2933,775,293,12,45,27,292,48,9,3,6,5,2,8,3,22,"26.4234572110467","37.6774193548387",483,"62.3225806451613"
"105","Заводский",2976,727,296,0,36,36,261,34,12,2,9,11,1,3,5,21,"24.4287634408602","35.9009628610729",466,"64.0990371389271"
"106","Заводский",2647,814,264,4,44,29,353,56,6,4,7,16,0,7,3,21,"30.7517944843219","43.3660933660934",461,"56.6339066339066"
"107","Заводский",2597,917,314,16,44,47,335,64,14,1,2,23,0,6,6,45,"35.3099730458221","36.5321701199564",582,"63.4678298800436"
"108","Заводский",2612,773,279,11,47,40,294,56,5,1,5,16,0,3,1,15,"29.594180704441","38.0336351875809",479,"61.9663648124192"
"109","Заводский",2570,736,233,3,53,45,270,46,14,2,9,17,2,6,2,34,"28.6381322957198","36.6847826086957",466,"63.3152173913043"
"110","Заводский",2471,760,290,4,46,50,273,47,6,1,4,8,0,6,6,19,"30.7567786321327","35.9210526315789",487,"64.0789473684211"
"111","Заводский",2562,855,312,11,52,44,327,59,8,0,3,10,1,1,4,23,"33.3723653395785","38.2456140350877",528,"61.7543859649123"
"112","Заводский",2665,762,248,8,46,46,315,35,9,3,7,13,0,8,1,23,"28.5928705440901","41.3385826771654",447,"58.6614173228346"
"113","Заводский",2449,777,281,9,38,47,274,68,6,2,8,13,2,3,7,19,"31.7272356063699","35.2638352638353",503,"64.7361647361647"
"114","Заводский",2154,498,179,3,34,22,191,28,11,2,4,6,0,2,3,13,"23.1197771587744","38.3534136546185",307,"61.6465863453815"
"115","Заводский",1916,545,209,2,44,15,212,16,4,1,4,16,2,2,9,9,"28.4446764091858","38.8990825688073",333,"61.1009174311927"
"1893","Заводский",1610,789,322,6,7,2,408,28,3,1,0,7,0,2,2,1,"49.0062111801242","51.7110266159696",381,"48.2889733840304"
"1900","Заводский",45,45,10,0,4,2,20,4,0,0,1,0,0,0,0,4,100,"44.4444444444444",25,"55.5555555555556"
"1904","Заводский",1853,711,238,7,47,45,307,23,10,10,2,3,2,8,5,4,"38.3702104695089","43.1786216596343",404,"56.8213783403657"
"1905","Заводский",1475,590,195,5,24,19,286,21,7,1,0,16,0,1,2,13,40,"48.4745762711864",304,"51.5254237288136"
"1906","Заводский",732,273,79,2,11,13,139,16,0,0,0,5,0,1,1,6,"37.2950819672131","50.9157509157509",134,"49.0842490842491"
"1907","Заводский",1513,563,186,3,20,17,265,29,2,0,4,13,0,1,3,20,"37.2108393919366","47.0692717584369",298,"52.9307282415631"
"1908","Заводский",1073,396,147,1,21,20,161,14,2,0,3,11,0,1,3,12,"36.90587138863","40.6565656565657",235,"59.3434343434343"
"1912","Заводский",958,482,139,0,24,7,266,28,0,0,0,8,0,0,0,10,"50.3131524008351","55.1867219917012",216,"44.8132780082988"
"1913","Заводский",313,199,38,3,8,0,137,7,2,0,1,0,0,0,1,2,"63.5782747603834","68.8442211055276",62,"31.1557788944724"
"1914","Заводский",841,316,90,1,30,8,163,7,0,0,4,6,0,2,2,3,"37.5743162901308","51.5822784810127",153,"48.4177215189873"
"1915","Заводский",955,432,128,2,17,12,235,14,0,0,1,6,0,6,0,11,"45.2356020942408","54.3981481481482",197,"45.6018518518519"
"1916","Заводский",1073,574,115,0,33,7,369,14,2,1,1,9,0,2,7,14,"53.4948741845294","64.2857142857143",205,"35.7142857142857"
"45","Заводский",2202,829,299,3,27,0,422,32,17,0,2,7,0,0,10,10,"37.6475930971844","50.9047044632087",407,"49.0952955367913"
"46","Заводский",2287,830,268,11,41,14,380,41,13,2,9,15,1,8,6,21,"36.2920857017927","45.7831325301205",450,"54.2168674698795"
"47","Заводский",1816,576,197,10,20,18,292,9,6,2,3,3,0,5,2,9,"31.7180616740088","50.6944444444444",284,"49.3055555555556"
"48","Заводский",2486,659,5,12,44,41,243,55,11,2,3,212,0,6,2,23,"26.5084473049075","36.8740515933232",416,"63.1259484066768"
"49","Заводский",43,43,6,0,6,1,27,0,0,1,0,0,0,0,0,2,100,"62.7906976744186",16,"37.2093023255814"
"50","Заводский",1323,329,123,2,23,15,131,10,0,0,1,3,1,2,1,17,"24.8677248677249","39.8176291793313",198,"60.1823708206687"
"51","Заводский",994,366,77,2,31,11,197,20,0,0,15,5,0,0,1,7,"36.8209255533199","53.8251366120219",169,"46.1748633879781"
"52","Заводский",1717,494,175,2,35,19,204,25,4,2,2,6,0,1,2,17,"28.7711124053582","41.2955465587045",290,"58.7044534412955"
"53","Заводский",1294,439,122,4,28,17,192,39,4,1,1,11,0,3,6,11,"33.9258114374034","43.7357630979499",247,"56.2642369020501"
"54","Заводский",2377,674,225,9,47,26,277,42,8,1,4,11,0,6,1,17,"28.3550694152293","41.0979228486647",397,"58.9020771513353"
"55","Заводский",27,27,1,0,0,0,24,2,0,0,0,0,0,0,0,0,100,"88.8888888888889",3,"11.1111111111111"
"56","Заводский",615,240,68,1,17,14,110,8,4,0,4,4,0,1,1,8,"39.0243902439024","45.8333333333333",130,"54.1666666666667"
"57","Заводский",2427,585,170,6,49,14,319,5,3,3,4,6,0,2,1,3,"24.1038318912237","54.5299145299145",266,"45.4700854700855"
"58","Заводский",2274,891,229,18,53,22,452,51,24,0,2,18,0,5,3,14,"39.1820580474934","50.7295173961841",439,"49.2704826038159"
"59","Заводский",2748,669,221,5,39,22,277,53,7,1,8,9,0,3,1,23,"24.3449781659389","41.4050822122571",392,"58.5949177877429"
"60","Заводский",1827,521,175,3,23,19,226,31,4,1,4,8,0,2,7,18,"28.5166940339354","43.3781190019194",295,"56.6218809980806"
"61","Заводский",221,203,34,0,12,9,124,3,0,0,3,2,2,1,2,11,"91.8552036199095","61.0837438423645",79,"38.9162561576355"
"62","Заводский",2508,985,286,9,51,32,495,49,12,3,1,12,0,5,5,25,"39.274322169059","50.253807106599",490,"49.746192893401"
"63","Заводский",2166,914,210,7,40,21,563,33,8,0,3,6,1,6,1,15,"42.1975992613112","61.5973741794311",351,"38.4026258205689"
"64","Заводский",2093,659,221,6,25,33,294,35,12,3,7,7,5,5,5,1,"31.4859053989489","44.6130500758725",365,"55.3869499241275"
"65","Заводский",2246,734,262,2,45,34,268,53,15,1,8,6,0,7,7,26,"32.6803205699021","36.5122615803815",466,"63.4877384196185"
"66","Заводский",2428,720,287,6,36,20,298,24,7,0,0,7,0,5,4,26,"29.6540362438221","41.3888888888889",422,"58.6111111111111"
"67","Заводский",2572,890,332,8,51,43,332,61,10,3,12,6,1,7,5,19,"34.6034214618974","37.3033707865169",558,"62.6966292134831"
"68","Заводский",1940,592,201,7,45,37,218,45,2,2,12,5,3,3,5,7,"30.5154639175258","36.8243243243243",374,"63.1756756756757"
"69","Заводский",1922,565,188,5,32,29,223,45,2,2,3,7,0,5,6,18,"29.3964620187305","39.4690265486726",342,"60.5309734513274"
"70","Заводский",1651,526,111,4,31,21,306,26,6,0,3,3,0,5,2,8,"31.8594791035736","58.1749049429658",220,"41.8250950570342"
"71","Заводский",2448,825,295,12,40,43,318,53,11,3,10,9,0,8,3,20,"33.7009803921569","38.5454545454545",507,"61.4545454545455"
"72","Заводский",1962,742,249,10,37,52,285,46,9,2,9,7,0,14,7,15,"37.8185524974516","38.4097035040431",457,"61.5902964959569"
"73","Заводский",2232,887,307,9,51,49,337,79,7,2,4,9,0,5,4,24,"39.7401433691756","37.9932356257046",550,"62.0067643742954"
"74","Заводский",1702,651,204,6,45,22,274,44,4,1,4,13,0,7,6,21,"38.2491186839013","42.0890937019969",377,"57.9109062980031"
"75","Заводский",2109,507,172,2,31,34,188,35,5,2,4,5,0,3,4,22,"24.0398293029872","37.0808678500986",319,"62.9191321499014"
"76","Заводский",2265,650,236,4,45,32,248,40,7,1,3,8,1,7,4,14,"28.6975717439294","38.1538461538462",402,"61.8461538461539"
"77","Заводский",2024,583,200,1,33,32,231,30,7,1,7,10,0,2,7,22,"28.804347826087","39.622641509434",352,"60.377358490566"
"78","Заводский",1852,548,186,3,41,25,224,32,7,0,4,4,0,1,5,16,"29.5896328293737","40.8759124087591",324,"59.1240875912409"
"79","Заводский",2308,602,221,6,46,28,217,53,3,1,3,8,0,1,5,10,"26.0831889081456","36.046511627907",385,"63.953488372093"
"80","Заводский",1812,708,226,9,31,22,326,37,16,1,2,10,1,3,4,20,"39.0728476821192","46.045197740113",382,"53.954802259887"
"81","Заводский",2042,696,213,5,52,35,283,50,12,1,6,12,0,4,6,17,"34.0842311459354","40.6609195402299",413,"59.3390804597701"
"82","Заводский",2808,954,246,3,71,49,466,64,8,0,4,11,0,7,6,19,"33.974358974359","48.8469601677149",488,"51.1530398322851"
"83","Заводский",2554,706,280,11,37,34,253,37,6,2,3,11,1,4,7,20,"27.6429130775254","35.8356940509915",453,"64.1643059490085"
"84","Заводский",2572,874,329,8,43,41,338,36,9,3,7,13,1,9,6,31,"33.9813374805599","38.6727688787185",536,"61.3272311212815"
"85","Заводский",1956,658,213,7,49,24,280,40,5,1,6,7,1,4,6,15,"33.640081799591","42.5531914893617",378,"57.4468085106383"
"86","Заводский",2020,781,252,5,55,51,316,44,4,2,5,9,1,6,4,27,"38.6633663366337","40.460947503201",465,"59.539052496799"
"87","Заводский",2092,579,202,3,39,31,229,30,6,3,0,10,0,6,7,13,"27.6768642447419","39.5509499136442",350,"60.4490500863558"
"88","Заводский",2244,734,153,2,47,31,408,44,7,1,4,2,0,6,5,24,"32.7094474153298","55.5858310626703",326,"44.4141689373297"
"89","Заводский",2725,1024,349,8,62,37,397,90,9,3,3,11,0,9,7,39,"37.5779816513761","38.76953125",627,"61.23046875"
"90","Заводский",2282,718,230,6,55,34,266,53,12,3,4,11,1,6,8,29,"31.4636283961437","37.0473537604457",452,"62.9526462395543"
"91","Заводский",2537,683,227,3,46,40,270,42,11,2,4,5,0,4,12,17,"26.9215608986993","39.5314787701318",413,"60.4685212298682"
"92","Заводский",122,122,15,0,1,2,95,4,0,0,0,0,0,1,1,3,100,"77.8688524590164",27,"22.1311475409836"
"93","Заводский",98,97,13,1,2,0,78,0,0,0,0,0,0,0,0,3,"98.9795918367347","80.4123711340206",19,"19.5876288659794"
"94","Заводский",2672,895,311,7,32,12,460,32,8,0,0,8,3,7,3,12,"33.4955089820359","51.3966480446927",435,"48.6033519553073"
"95","Заводский",2706,651,217,6,18,17,327,35,7,0,5,1,0,4,1,13,"24.0576496674058","50.2304147465438",324,"49.7695852534562"
"96","Заводский",2265,655,166,7,18,12,400,14,4,10,3,3,4,5,3,6,"28.9183222958057","61.0687022900763",255,"38.9312977099237"
"97","Заводский",1710,411,153,2,25,25,162,21,4,0,2,3,0,4,2,8,"24.0350877192982","39.4160583941606",249,"60.5839416058394"
"98","Заводский",2199,886,220,2,53,26,411,31,31,4,22,19,14,15,17,21,"40.2910413824466","46.3882618510158",475,"53.6117381489842"
"99","Заводский",2402,899,284,6,68,43,361,47,14,2,9,12,3,9,13,28,"37.4271440466278","40.1557285873192",538,"59.8442714126808"
"116","Кировский",2175,648,240,6,25,49,198,65,12,2,4,8,0,6,9,24,"29.7931034482759","30.5555555555556",450,"69.4444444444444"
"117","Кировский",2178,1295,39,14,108,10,888,44,23,36,12,66,18,10,4,23,"59.4582185491276","68.5714285714286",407,"31.4285714285714"
"118","Кировский",1680,990,116,2,66,35,724,31,4,1,3,3,0,2,1,2,"58.9285714285714","73.1313131313131",266,"26.8686868686869"
"120","Кировский",1500,778,178,7,30,27,444,49,9,1,4,6,1,7,3,12,"51.8666666666667","57.0694087403599",334,"42.9305912596401"
"121","Кировский",2195,1535,246,8,51,127,971,56,14,6,8,10,0,5,5,28,"69.9316628701595","63.257328990228",564,"36.742671009772"
"122","Кировский",2483,1646,122,3,73,41,1353,21,8,2,1,2,1,4,4,11,"66.2907772855417","82.1992709599028",293,"17.8007290400972"
"123","Кировский",1318,547,108,6,27,28,323,32,3,0,0,3,0,4,4,9,"41.5022761760243","59.0493601462523",224,"40.9506398537477"
"124","Кировский",1261,570,128,2,28,37,331,8,5,4,8,6,0,0,0,13,"45.2022204599524","58.0701754385965",239,"41.9298245614035"
"125","Кировский",1979,767,220,1,31,37,357,61,10,3,9,15,0,4,7,12,"38.7569479535119","46.5449804432855",410,"53.4550195567145"
"126","Кировский",670,508,27,2,9,23,420,7,4,0,3,2,0,3,3,5,"75.8208955223881","82.6771653543307",88,"17.3228346456693"
"127","Кировский",2578,917,278,16,50,72,355,60,13,2,8,17,0,8,14,24,"35.5702094647013","38.7131952017448",562,"61.2868047982552"
"128","Кировский",1284,486,91,7,29,14,289,14,7,1,6,5,0,3,3,17,"37.8504672897196","59.4650205761317",197,"40.5349794238683"
"129","Кировский",1924,676,217,9,34,57,267,55,11,3,2,6,1,1,2,11,"35.1351351351351","39.4970414201183",409,"60.5029585798817"
"130","Кировский",2113,679,234,10,34,59,247,34,9,2,6,10,1,7,8,18,"32.1344060577378","36.3770250368188",432,"63.6229749631811"
"131","Кировский",1949,1130,165,11,25,32,838,25,7,0,4,7,0,2,7,7,"57.9784504874295","74.1592920353982",292,"25.8407079646018"
"132","Кировский",947,523,111,5,14,27,329,14,6,1,8,1,0,5,1,1,"55.2270327349525","62.906309751434",194,"37.093690248566"
"134","Кировский",2600,1133,307,0,11,47,718,38,2,1,2,2,0,1,1,3,"43.5769230769231","63.3715798764342",415,"36.6284201235658"
"135","Кировский",2482,1007,252,1,5,49,655,39,1,0,1,2,0,1,0,1,"40.5721192586624","65.0446871896723",352,"34.9553128103277"
"136","Кировский",2145,888,294,6,38,53,352,59,18,1,11,10,0,7,7,32,"41.3986013986014","39.6396396396396",536,"60.3603603603604"
"137","Кировский",2574,962,340,16,47,75,344,68,14,3,6,10,0,8,8,23,"37.3737373737374","35.7588357588358",618,"64.2411642411642"
"138","Кировский",2397,955,309,8,57,64,375,62,18,3,7,7,0,6,8,31,"39.8414685022945","39.2670157068063",580,"60.7329842931937"
"139","Кировский",1704,1406,224,11,153,46,866,27,21,4,9,8,1,17,3,16,"82.5117370892019","61.5931721194879",540,"38.4068278805121"
"140","Кировский",2418,810,276,12,49,53,283,57,27,2,4,12,0,5,4,26,"33.4987593052109","34.9382716049383",527,"65.0617283950617"
"141","Кировский",2813,897,284,9,61,52,330,66,18,0,7,17,2,7,11,33,"31.8876644152151","36.7892976588629",567,"63.2107023411371"
"142","Кировский",1643,500,172,0,10,10,297,5,1,0,1,2,0,0,2,0,"30.4321363359708","59.4",203,"40.6"
"143","Кировский",2170,482,149,5,25,29,201,31,12,0,5,8,0,6,2,9,"22.2119815668203","41.701244813278",281,"58.298755186722"
"144","Кировский",2238,621,251,4,29,28,221,34,10,4,7,7,0,5,3,18,"27.7479892761394","35.5877616747182",400,"64.4122383252818"
"145","Кировский",1247,316,90,3,17,12,170,8,5,0,3,1,0,3,0,4,"25.3408179631115","53.7974683544304",146,"46.2025316455696"
"146","Кировский",1584,469,141,7,27,25,189,32,11,5,4,1,1,3,4,19,"29.6085858585859","40.2985074626866",280,"59.7014925373134"
"147","Кировский",1159,679,128,4,29,10,456,10,5,2,3,6,0,4,7,15,"58.5849870578085","67.1575846833579",223,"32.8424153166421"
"148","Кировский",2144,694,228,8,29,27,302,37,16,3,7,9,1,5,8,14,"32.3694029850746","43.5158501440922",392,"56.4841498559078"
"149","Кировский",2091,815,260,13,28,23,404,23,15,1,4,13,2,6,4,19,"38.9765662362506","49.5705521472393",411,"50.4294478527607"
"150","Кировский",1522,562,124,6,9,10,325,38,15,0,6,9,0,5,6,9,"36.9250985545335","57.8291814946619",237,"42.1708185053381"
"151","Кировский",2335,736,222,7,39,23,326,57,18,2,7,10,1,6,7,11,"31.5203426124197","44.2934782608696",410,"55.7065217391304"
"152","Кировский",1771,350,130,23,19,18,112,20,7,1,3,2,0,2,4,9,"19.7628458498024",32,238,68
"153","Кировский",1748,418,158,2,26,19,160,29,3,1,4,2,0,2,4,8,"23.9130434782609","38.2775119617225",258,"61.7224880382775"
"154","Кировский",789,318,101,2,17,15,128,14,10,1,5,7,0,3,5,10,"40.3041825095057","40.251572327044",190,"59.748427672956"
"155","Кировский",1814,822,226,5,39,43,386,43,22,1,3,12,1,10,4,27,"45.3142227122381","46.9586374695864",436,"53.0413625304136"
"156","Кировский",2193,699,57,1,18,29,514,0,51,3,2,9,10,1,1,3,"31.8741450068399","73.5336194563662",185,"26.4663805436338"
"157","Кировский",2669,1892,341,22,116,76,1115,92,22,6,8,11,2,22,18,41,"70.8879730236043","58.9323467230444",777,"41.0676532769556"
"158","Кировский",1344,775,152,11,27,48,412,48,21,1,12,9,1,5,2,26,"57.6636904761905","53.1612903225806",363,"46.8387096774194"
"159","Кировский",1006,347,111,2,16,30,118,37,18,3,0,1,0,0,0,11,"34.493041749503","34.0057636887608",229,"65.9942363112392"
"160","Кировский",1521,1129,114,1,55,35,847,43,11,2,1,3,3,3,3,8,"74.2274819197896","75.022143489814",282,"24.977856510186"
"161","Кировский",784,774,65,7,111,16,523,10,7,2,8,3,0,7,3,12,"98.7244897959184","67.5710594315245",251,"32.4289405684755"
"162","Кировский",2128,657,192,10,40,37,226,56,10,3,12,11,0,7,4,49,"30.8740601503759","34.3987823439878",431,"65.6012176560122"
"163","Кировский",1065,329,98,4,22,23,149,13,4,0,3,3,1,0,3,6,"30.8920187793427","45.2887537993921",180,"54.7112462006079"
"164","Кировский",2708,1654,417,10,67,35,920,84,35,1,8,10,0,4,10,53,"61.0782865583456","55.6227327690447",734,"44.3772672309553"
"165","Кировский",720,305,82,2,14,4,189,7,2,0,2,1,0,0,0,2,"42.3611111111111","61.9672131147541",116,"38.0327868852459"
"166","Кировский",1238,468,130,5,29,27,204,30,10,2,5,2,0,2,2,20,"37.8029079159935","43.5897435897436",264,"56.4102564102564"
"167","Кировский",1472,560,186,9,30,22,220,45,10,3,2,9,0,2,4,18,"38.0434782608696","39.2857142857143",340,"60.7142857142857"
"168","Кировский",1515,536,195,9,22,34,179,52,10,4,5,3,0,1,4,18,"35.3795379537954","33.3955223880597",357,"66.6044776119403"
"169","Кировский",1530,747,158,8,96,41,346,44,6,0,7,1,0,10,12,18,"48.8235294117647","46.3186077643909",401,"53.6813922356091"
"170","Кировский",2127,572,206,5,42,13,240,30,4,0,5,4,1,7,4,11,"26.8923366243536","41.958041958042",332,"58.041958041958"
"171","Кировский",1236,364,120,2,17,9,180,13,4,4,0,2,0,3,4,6,"29.4498381877023","49.4505494505495",184,"50.5494505494505"
"172","Кировский",2626,836,293,11,40,44,354,40,6,6,5,11,1,7,2,16,"31.8354912414318","42.3444976076555",482,"57.6555023923445"
"173","Кировский",1054,301,110,0,27,6,102,14,10,0,7,5,1,2,4,13,"28.5578747628083","33.8870431893688",199,"66.1129568106312"
"174","Кировский",2818,908,292,3,57,60,376,51,6,3,3,14,5,11,5,22,"32.2214336408801","41.4096916299559",532,"58.5903083700441"
"175","Кировский",2500,733,282,14,40,41,269,32,5,4,7,11,2,7,3,16,"29.32","36.6984993178718",464,"63.3015006821282"
"176","Кировский",2466,708,233,8,42,31,335,26,10,0,0,12,0,0,0,11,"28.7104622871046","47.316384180791",373,"52.683615819209"
"1885","Кировский",2728,836,332,15,32,42,338,21,5,3,7,9,0,11,6,15,"30.6451612903226","40.4306220095694",498,"59.5693779904306"
"1886","Кировский",2244,704,242,9,43,38,272,39,5,3,5,12,1,11,7,17,"31.3725490196078","38.6363636363636",432,"61.3636363636364"
"1895","Кировский",2960,813,274,13,46,50,321,53,8,2,4,12,4,10,0,16,"27.4662162162162","39.4833948339483",492,"60.5166051660517"
"1896","Кировский",1639,616,111,6,43,15,418,10,3,3,0,0,0,4,0,3,"37.5838926174497","67.8571428571429",198,"32.1428571428571"
"1910","Кировский",1012,285,91,2,11,28,124,11,1,1,2,3,1,4,0,6,"28.1620553359684","43.5087719298246",161,"56.4912280701754"
"1146","Ленинский",142,135,16,0,2,1,113,0,0,0,0,0,0,0,1,2,"95.0704225352113","83.7037037037037",22,"16.2962962962963"
"177","Ленинский",1744,644,218,6,39,45,203,63,12,2,7,10,0,6,7,26,"36.9266055045872","31.5217391304348",441,"68.4782608695652"
"178","Ленинский",909,327,109,5,22,25,100,23,14,0,5,6,0,3,6,9,"35.973597359736","30.5810397553517",227,"69.4189602446483"
"179","Ленинский",1446,525,147,4,38,29,225,30,10,3,14,8,0,2,4,11,"36.3070539419087","42.8571428571429",300,"57.1428571428571"
"180","Ленинский",1525,571,75,0,39,18,403,15,2,4,3,7,2,1,1,1,"37.4426229508197","70.5779334500876",168,"29.4220665499124"
"181","Ленинский",1582,563,120,0,10,24,409,0,0,0,0,0,0,0,0,0,"35.5878634639697","72.6465364120781",154,"27.3534635879218"
"182","Ленинский",1949,691,212,15,58,27,261,51,15,1,4,13,0,8,6,20,"35.4540790148794","37.7713458755427",430,"62.2286541244573"
"183","Ленинский",2096,688,216,1,55,48,272,42,10,2,6,7,2,5,6,16,"32.824427480916","39.5348837209302",416,"60.4651162790698"
"184","Ленинский",1952,691,80,4,28,14,537,14,8,1,3,0,0,0,0,2,"35.3995901639344","77.7134587554269",154,"22.2865412445731"
"185","Ленинский",1855,610,101,0,62,67,343,28,9,0,0,0,0,0,0,0,"32.8840970350404","56.2295081967213",267,"43.7704918032787"
"186","Ленинский",1404,494,191,8,52,28,150,29,9,1,3,5,2,6,5,5,"35.1851851851852","30.3643724696356",344,"69.6356275303644"
"187","Ленинский",2037,656,187,12,45,53,242,58,7,4,5,11,2,6,4,20,"32.2042218949435","36.890243902439",414,"63.109756097561"
"188","Ленинский",1759,790,126,1,39,2,545,31,23,2,2,6,2,2,3,6,"44.9118817509949","68.9873417721519",245,"31.0126582278481"
"189","Ленинский",2805,1066,338,16,73,78,383,82,21,5,15,11,1,8,7,28,"38.0035650623886","35.9287054409006",683,"64.0712945590994"
"190","Ленинский",1947,830,300,11,49,46,276,66,15,4,10,7,1,10,13,22,"42.6296866974833","33.2530120481928",554,"66.7469879518072"
"191","Ленинский",2161,899,314,13,54,68,282,79,11,8,7,13,2,9,12,27,"41.6011105969459","31.3681868743048",617,"68.6318131256952"
"1911","Ленинский",1792,447,161,2,33,16,187,12,3,3,2,12,0,4,2,10,"24.9441964285714","41.834451901566",260,"58.165548098434"
"192","Ленинский",2136,1340,150,1,147,1,954,40,8,2,4,14,2,1,7,9,"62.7340823970037","71.1940298507463",386,"28.8059701492537"
"193","Ленинский",1965,719,105,1,24,1,549,28,2,1,0,2,0,2,3,1,"36.5903307888041","76.356050069541",170,"23.643949930459"
"194","Ленинский",1891,656,212,5,30,42,242,74,8,1,4,18,1,3,3,13,"34.690639873083","36.890243902439",414,"63.109756097561"
"195","Ленинский",1889,677,218,9,28,26,245,66,16,0,7,12,0,14,6,30,"35.8390682901006","36.1890694239291",432,"63.8109305760709"
"196","Ленинский",399,390,30,1,12,11,296,19,4,0,1,3,0,1,2,10,"97.7443609022556","75.8974358974359",94,"24.1025641025641"
"197","Ленинский",1714,774,152,9,72,4,445,53,2,1,1,28,0,0,3,4,"45.1575262543757","57.4935400516796",329,"42.5064599483204"
"198","Ленинский",1869,600,195,7,30,35,226,58,13,1,9,3,0,7,5,11,"32.1027287319422","37.6666666666667",374,"62.3333333333333"
"199","Ленинский",1706,795,108,1,84,0,580,10,4,0,0,1,0,0,2,5,"46.6002344665885","72.9559748427673",215,"27.0440251572327"
"200","Ленинский",1370,658,105,6,10,5,454,62,5,4,2,0,0,0,0,5,"48.029197080292","68.9969604863222",204,"31.0030395136778"
"201","Ленинский",1658,774,141,4,35,15,500,41,5,5,21,4,0,0,0,3,"46.6827503015682","64.5994832041344",274,"35.4005167958656"
"202","Ленинский",1699,801,126,3,64,21,482,48,2,1,5,15,0,3,4,27,"47.1453796350795","60.1747815230961",319,"39.8252184769039"
"203","Ленинский",2160,1098,198,5,38,32,652,121,12,6,0,10,0,0,6,18,"50.8333333333333","59.3806921675774",446,"40.6193078324226"
"204","Ленинский",1488,820,147,1,86,21,492,30,5,1,7,6,0,5,3,16,"55.1075268817204",60,328,40
"205","Ленинский",1426,527,216,2,31,25,166,41,6,1,4,10,0,6,8,11,"36.9565217391304","31.4990512333966",361,"68.5009487666034"
"206","Ленинский",1348,661,145,2,3,20,396,73,2,0,5,3,0,0,8,4,"49.0356083086053","59.9092284417549",265,"40.0907715582451"
"207","Ленинский",2554,1368,180,0,104,11,952,121,0,0,0,0,0,0,0,0,"53.5630383711825","69.5906432748538",416,"30.4093567251462"
"208","Ленинский",2220,1288,232,3,63,22,773,142,7,3,9,4,1,6,15,8,"58.018018018018","60.0155279503106",515,"39.9844720496894"
"209","Ленинский",2179,903,216,14,35,48,502,33,7,1,12,4,1,4,4,22,"41.4410279944929","55.5924695459579",401,"44.4075304540421"
"210","Ленинский",2586,1228,249,10,46,17,819,36,6,2,2,10,2,5,1,23,"47.4864655839134","66.6938110749186",409,"33.3061889250814"
"211","Ленинский",2755,868,318,11,67,39,310,50,8,4,6,14,1,5,10,25,"31.5063520871143","35.7142857142857",558,"64.2857142857143"
"212","Ленинский",1562,879,71,2,52,3,685,33,2,1,1,13,1,2,5,8,"56.2740076824584","77.929465301479",194,"22.070534698521"
"213","Ленинский",1648,821,130,2,35,28,577,27,3,0,2,10,0,3,4,0,"49.8179611650485","70.2801461632156",244,"29.7198538367844"
"214","Ленинский",1750,812,77,0,16,9,679,31,0,0,0,0,0,0,0,0,"46.4","83.6206896551724",133,"16.3793103448276"
"215","Ленинский",1632,977,157,1,27,17,733,17,2,2,2,7,0,1,1,10,"59.8651960784314","75.0255885363357",244,"24.9744114636643"
"216","Ленинский",342,325,9,0,7,0,301,4,0,0,0,4,0,0,0,0,"95.0292397660819","92.6153846153846",24,"7.38461538461539"
"217","Ленинский",1810,678,228,6,28,34,287,41,7,2,6,7,0,5,8,19,"37.4585635359116","42.330383480826",391,"57.669616519174"
"218","Ленинский",2035,788,194,5,41,39,388,48,6,2,10,16,1,4,10,24,"38.7223587223587","49.238578680203",400,"50.761421319797"
"219","Ленинский",1990,775,223,6,42,66,321,56,6,0,6,21,2,7,4,15,"38.9447236180905","41.4193548387097",454,"58.5806451612903"
"220","Ленинский",2184,1185,217,6,108,46,723,38,5,1,1,11,0,3,7,19,"54.2582417582418","61.0126582278481",462,"38.9873417721519"
"221","Ленинский",2167,1047,219,5,40,17,705,22,2,0,6,11,2,2,4,12,"48.3156437471158","67.3352435530086",342,"32.6647564469914"
"222","Ленинский",1716,552,133,2,13,15,366,4,2,2,3,5,1,2,1,3,"32.1678321678322","66.304347826087",186,"33.695652173913"
"223","Ленинский",2567,1036,252,6,55,52,560,58,5,1,5,9,0,0,1,32,"40.3583950136346","54.0540540540541",476,"45.945945945946"
"224","Ленинский",2161,1005,192,4,44,24,689,31,4,0,4,7,0,1,1,4,"46.5062471078205","68.5572139303483",316,"31.4427860696517"
"225","Ленинский",2108,877,177,3,49,12,596,28,1,0,0,3,0,1,2,5,"41.6034155597723","67.9589509692132",281,"32.0410490307868"
"226","Ленинский",1980,646,193,2,52,30,320,33,2,0,0,8,0,1,5,0,"32.6262626262626","49.5356037151703",326,"50.4643962848297"
"227","Ленинский",2083,807,71,2,23,10,650,25,2,2,3,5,3,2,5,4,"38.7421987518003","80.545229244114",157,"19.454770755886"
"228","Ленинский",1393,392,106,3,20,13,194,31,4,1,2,3,0,3,1,11,"28.1407035175879","49.4897959183673",198,"50.5102040816327"
"229","Ленинский",1749,1055,182,5,38,17,786,13,0,0,2,4,0,2,0,6,"60.3201829616924","74.5023696682464",269,"25.4976303317536"
"230","Ленинский",1588,757,131,3,75,5,528,0,2,0,0,7,0,2,2,2,"47.6700251889169","69.7490092470277",229,"30.2509907529723"
"231","Ленинский",2124,743,202,9,42,49,323,62,9,1,4,13,1,5,1,22,"34.9811676082862","43.4724091520861",420,"56.5275908479139"
"232","Ленинский",2179,908,221,13,47,39,435,79,19,3,7,6,1,11,9,18,"41.6704910509408","47.9074889867841",473,"52.0925110132159"
"233","Ленинский",2239,744,239,9,32,27,343,47,11,0,4,15,2,4,2,9,"33.2291201429209","46.1021505376344",401,"53.8978494623656"
"234","Ленинский",1830,720,100,2,36,13,534,13,6,0,3,5,0,3,0,5,"39.344262295082","74.1666666666667",186,"25.8333333333333"
"235","Ленинский",2188,1480,237,0,133,0,1036,74,0,0,0,0,0,0,0,0,"67.6416819012797",70,444,30
"236","Ленинский",1833,1083,136,5,64,9,791,17,8,9,1,14,6,1,10,12,"59.0834697217676","73.0378578024007",292,"26.9621421975993"
"237","Ленинский",1424,798,131,4,21,1,582,24,3,0,1,6,0,1,1,23,"56.0393258426966","72.9323308270677",216,"27.0676691729323"
"238","Ленинский",1909,1126,180,3,56,40,736,58,9,14,2,2,1,3,8,14,"58.9837611314824","65.3641207815275",390,"34.6358792184725"
"239","Ленинский",1824,876,163,6,44,25,577,27,7,1,3,4,0,1,5,13,"48.0263157894737","65.8675799086758",299,"34.1324200913242"
"240","Ленинский",1416,737,137,0,35,3,547,11,1,0,1,0,0,0,0,2,"52.0480225988701","74.2198100407056",190,"25.7801899592944"
"241","Ленинский",1360,642,101,3,19,3,473,26,1,0,1,4,0,2,5,4,"47.2058823529412","73.6760124610592",169,"26.3239875389408"
"242","Ленинский",1405,668,60,5,20,12,448,74,10,2,2,3,8,3,12,9,"47.5444839857651","67.065868263473",220,"32.9341317365269"
"243","Ленинский",1350,636,115,2,30,12,441,23,6,1,0,2,1,1,2,0,"47.1111111111111","69.3396226415094",195,"30.6603773584906"
"244","Ленинский",1339,1024,204,12,16,1,728,22,0,5,16,4,0,0,0,16,"76.4749813293503","71.09375",296,"28.90625"
"245","Ленинский",1800,718,166,5,34,23,443,21,5,1,1,5,1,3,2,8,"39.8888888888889","61.6991643454039",275,"38.3008356545961"
"246","Ленинский",2156,833,104,3,57,3,613,33,5,0,1,2,0,2,3,7,"38.6363636363636","73.5894357743097",220,"26.4105642256903"
"247","Ленинский",2011,857,149,3,36,5,633,5,7,1,4,2,0,1,2,9,"42.6156141223272","73.8623103850642",224,"26.1376896149358"
"248","Ленинский",2255,1080,162,0,44,2,802,43,17,0,0,6,0,0,0,4,"47.8935698447894","74.2592592592593",278,"25.7407407407407"
"249","Ленинский",2292,1264,213,1,23,22,898,60,6,1,3,9,1,8,1,18,"55.1483420593368","71.0443037974684",366,"28.9556962025316"
"251","Ленинский",295,187,29,0,2,2,151,3,0,0,0,0,0,0,0,0,"63.3898305084746","80.7486631016043",36,"19.2513368983957"
"252","Ленинский",2000,1034,186,1,113,1,713,10,1,1,1,1,0,3,2,1,"51.7","68.9555125725338",321,"31.0444874274662"
"253","Ленинский",2213,1195,226,1,112,1,829,11,1,1,2,4,1,2,2,2,"53.9990962494352","69.3723849372385",366,"30.6276150627615"
"254","Ленинский",2173,634,214,6,34,30,253,49,7,1,4,8,0,7,9,12,"29.1762540266912","39.9053627760252",381,"60.0946372239748"
"255","Ленинский",1805,571,198,7,30,30,205,47,5,3,4,13,0,3,7,19,"31.6343490304709","35.9019264448336",366,"64.0980735551664"
"256","Ленинский",1590,668,138,0,24,11,440,27,7,0,6,3,1,2,0,9,"42.0125786163522","65.8682634730539",228,"34.1317365269461"
"257","Ленинский",871,344,91,3,21,11,192,10,2,0,0,4,1,3,0,6,"39.4948335246843","55.8139534883721",152,"44.1860465116279"
"258","Ленинский",1827,587,164,5,49,32,243,41,11,0,2,8,0,2,3,27,"32.1291735084839","41.396933560477",344,"58.603066439523"
"259","Ленинский",1887,696,192,0,5,5,489,1,1,0,0,2,0,0,0,1,"36.8839427662957","70.2586206896552",207,"29.7413793103448"
"260","Ленинский",1547,636,100,9,58,3,376,27,7,7,10,10,1,11,5,12,"41.1118293471235","59.1194968553459",260,"40.8805031446541"
"261","Ленинский",1901,634,231,5,25,12,297,33,4,2,3,4,0,5,4,9,"33.3508679642294","46.8454258675079",337,"53.1545741324921"
"262","Ленинский",1308,599,146,11,24,17,325,37,3,3,7,6,0,4,2,14,"45.7951070336391","54.2570951585977",274,"45.7429048414023"
"263","Ленинский",1679,790,143,0,84,11,463,76,0,0,0,0,0,0,0,13,"47.0518165574747","58.6075949367089",327,"41.3924050632911"
"264","Ленинский",1864,1074,184,2,125,10,627,112,3,1,0,1,0,5,1,3,"57.618025751073","58.3798882681564",447,"41.6201117318436"
"265","Ленинский",1480,1092,130,4,45,5,775,119,1,3,4,2,0,0,2,2,"73.7837837837838","70.970695970696",317,"29.029304029304"
"266","Ленинский",1833,683,201,3,36,11,369,39,9,1,1,2,0,3,0,8,"37.2613202400436","54.0263543191801",314,"45.9736456808199"
"267","Ленинский",1704,743,190,11,34,17,390,42,9,1,4,11,0,6,5,23,"43.6032863849765","52.4899057873486",353,"47.5100942126514"
"268","Ленинский",1725,1038,29,6,23,15,873,50,6,1,7,5,1,5,4,13,"60.1739130434783","84.1040462427746",165,"15.8959537572254"
"269","Ленинский",1916,967,168,3,45,10,675,37,9,3,0,4,1,4,1,7,"50.4697286012526","69.8035160289555",292,"30.1964839710445"
"270","Ленинский",1906,1203,190,3,31,51,827,62,5,0,5,8,0,4,6,11,"63.1164742917104","68.7448046550291",376,"31.2551953449709"
"271","Ленинский",2634,1051,312,1,20,15,557,99,5,2,5,10,1,5,10,9,"39.9012908124525","52.9971455756422",494,"47.0028544243578"
"272","Ленинский",1900,717,223,0,12,10,383,42,8,0,3,8,0,9,9,10,"37.7368421052632","53.4170153417015",334,"46.5829846582985"
"273","Ленинский",2695,1130,239,13,68,37,667,67,5,2,2,8,0,7,6,9,"41.9294990723562","59.0265486725664",463,"40.9734513274336"
"274","Ленинский",1986,711,41,4,14,22,570,42,2,2,3,5,0,0,3,3,"35.8006042296073","80.168776371308",141,"19.831223628692"
"275","Ленинский",1368,402,141,7,22,12,173,29,2,0,0,2,1,2,3,8,"29.3859649122807","43.0348258706468",229,"56.9651741293532"
"276","Ленинский",1857,736,229,13,46,50,272,56,8,0,5,8,1,4,7,37,"39.6338179859989","36.9565217391304",464,"63.0434782608696"
"277","Ленинский",1628,530,152,9,28,31,215,50,11,1,1,4,1,0,9,18,"32.5552825552826","40.5660377358491",315,"59.4339622641509"
"278","Ленинский",1305,487,171,3,12,0,267,16,4,3,2,3,0,1,0,5,"37.3180076628352","54.8254620123203",220,"45.1745379876797"
"279","Ленинский",2146,678,233,6,36,48,233,54,4,1,12,10,0,8,9,24,"31.5936626281454","34.3657817109145",445,"65.6342182890855"
"280","Ленинский",1806,724,213,6,48,29,327,42,12,2,6,10,0,5,5,19,"40.0885935769657","45.1657458563536",397,"54.8342541436464"
"281","Ленинский",1364,864,172,13,41,44,514,39,8,0,5,6,0,10,0,12,"63.3431085043988","59.4907407407407",350,"40.5092592592593"
"282","Ленинский",1517,570,188,5,21,4,301,23,4,0,5,1,0,4,6,8,"37.574159525379","52.8070175438596",269,"47.1929824561404"
"283","Ленинский",1999,834,116,1,25,2,576,100,5,0,2,1,0,1,1,4,"41.7208604302151","69.0647482014388",258,"30.9352517985612"
"284","Ленинский",1122,539,98,0,14,5,411,1,0,0,0,0,0,1,0,9,"48.0392156862745","76.252319109462",128,"23.747680890538"
"285","Ленинский",1971,619,199,15,13,26,311,16,6,2,1,4,2,1,2,21,"31.4053779807204","50.2423263327948",308,"49.7576736672052"
"286","Ленинский",1760,656,208,10,43,33,263,43,6,1,1,7,1,12,5,23,"37.2727272727273","40.0914634146341",393,"59.9085365853659"
"287","Ленинский",2031,853,125,8,32,10,628,8,6,6,8,5,6,4,3,4,"41.999015263417","73.6225087924971",225,"26.3774912075029"
"288","Ленинский",1952,1288,192,1,102,0,966,7,1,5,1,4,3,0,5,1,"65.983606557377",75,322,25
"289","Ленинский",2081,1065,142,0,78,0,756,37,26,0,0,0,0,0,15,11,"51.1773185968284","70.9859154929578",309,"29.0140845070423"
"290","Ленинский",1610,662,71,8,21,23,475,31,8,3,2,8,0,0,2,10,"41.1180124223603","71.7522658610272",187,"28.2477341389728"
"291","Ленинский",1809,770,208,2,31,21,462,8,5,0,2,5,0,9,5,12,"42.5649530127142",60,308,40
"1901","Фрунзенский",306,287,60,7,13,14,172,6,2,0,0,0,1,4,1,7,"93.7908496732026","59.9303135888502",115,"40.0696864111498"
"358","Фрунзенский",1098,499,147,4,20,25,237,31,11,1,4,1,0,5,3,10,"45.4462659380692","47.4949899799599",262,"52.5050100200401"
"359","Фрунзенский",1448,688,183,6,16,30,357,42,17,0,7,4,0,6,6,14,"47.5138121546961","51.8895348837209",331,"48.1104651162791"
"361","Фрунзенский",1360,681,60,5,104,9,457,11,17,3,3,4,0,2,3,3,"50.0735294117647","67.1071953010279",224,"32.8928046989721"
"362","Фрунзенский",1899,734,199,23,43,51,262,42,21,13,10,11,11,6,7,35,"38.6519220642443","35.6948228882834",472,"64.3051771117166"
"363","Фрунзенский",1367,759,120,2,30,3,450,12,34,6,84,6,1,1,1,9,"55.5230431602048","59.2885375494071",309,"40.7114624505929"
"364","Фрунзенский",1049,493,116,6,15,3,317,8,4,2,3,4,0,5,2,8,"46.9971401334604","64.3002028397566",176,"35.6997971602434"
"365","Фрунзенский",2087,728,81,7,21,9,562,15,15,1,4,3,0,3,3,4,"34.8826066123622","77.1978021978022",166,"22.8021978021978"
"366","Фрунзенский",68,68,3,0,1,1,60,1,1,0,0,0,0,0,0,1,100,"88.2352941176471",8,"11.7647058823529"
"367","Фрунзенский",1969,748,223,17,48,31,302,58,16,1,8,13,2,7,5,17,"37.9888268156425","40.3743315508021",446,"59.6256684491979"
"368","Фрунзенский",2641,994,67,0,75,0,852,0,0,0,0,0,0,0,0,0,"37.6372586141613","85.7142857142857",142,"14.2857142857143"
"369","Фрунзенский",1601,763,158,1,22,0,549,10,1,3,0,6,0,0,3,10,"47.6577139287945","71.9528178243775",214,"28.0471821756225"
"370","Фрунзенский",1850,709,188,3,15,20,437,19,5,1,3,3,1,2,6,6,"38.3243243243243","61.6361071932299",272,"38.3638928067701"
"1891","Октябрьский",148,147,1,0,0,0,146,0,0,0,0,0,0,0,0,0,"99.3243243243243","99.3197278911565",1,"0.680272108843537"
"1892","Октябрьский",83,79,6,0,1,1,67,1,0,0,2,0,0,1,0,0,"95.1807228915663","84.8101265822785",12,"15.1898734177215"
"298","Октябрьский",102,102,1,0,0,0,100,0,1,0,0,0,0,0,0,0,100,"98.0392156862745",2,"1.96078431372549"
"299","Октябрьский",129,124,1,0,0,0,123,0,0,0,0,0,0,0,0,0,"96.1240310077519","99.1935483870968",1,"0.806451612903226"
"300","Октябрьский",2022,685,221,13,31,36,247,62,20,7,6,5,2,5,17,13,"33.8773491592483","36.0583941605839",438,"63.9416058394161"
"301","Октябрьский",1149,460,123,6,20,26,185,33,26,4,5,7,0,7,5,13,"40.0348128807659","40.2173913043478",275,"59.7826086956522"
"302","Октябрьский",2207,846,252,11,45,50,331,48,39,4,4,6,1,4,23,28,"38.3325781603987","39.1252955082742",515,"60.8747044917258"
"303","Октябрьский",1388,422,94,5,24,26,211,16,19,0,5,3,1,6,5,7,"30.4034582132565",50,211,50
"304","Октябрьский",2438,866,236,14,39,63,364,50,31,5,10,6,0,14,11,23,"35.5209187858901","42.0323325635104",502,"57.9676674364896"
"305","Октябрьский",1779,606,234,6,23,34,216,35,21,0,7,1,1,4,7,17,"34.0640809443508","35.6435643564356",390,"64.3564356435644"
"306","Октябрьский",1809,663,230,6,20,39,289,32,20,2,2,5,0,6,2,10,"36.6500829187396","43.5897435897436",374,"56.4102564102564"
"308","Октябрьский",1983,559,199,11,22,44,202,35,5,0,3,6,0,6,8,18,"28.1896116994453","36.1359570661896",357,"63.8640429338104"
"309","Октябрьский",1503,293,128,1,12,20,86,12,2,1,3,4,0,0,4,20,"19.4943446440452","29.3515358361775",207,"70.6484641638225"
"310","Октябрьский",1526,650,210,11,19,22,301,19,10,3,5,9,0,7,7,27,"42.5950196592398","46.3076923076923",349,"53.6923076923077"
"311","Октябрьский",2161,681,239,9,28,59,240,42,14,3,5,11,0,10,8,13,"31.5131883387321","35.2422907488987",441,"64.7577092511013"
"312","Октябрьский",2417,794,275,11,32,47,290,51,34,3,6,5,1,4,12,23,"32.8506412908564","36.5239294710327",504,"63.4760705289673"
"313","Октябрьский",2218,718,253,11,29,34,275,50,16,4,5,11,5,5,20,0,"32.3715058611362","38.3008356545961",443,"61.6991643454039"
"314","Октябрьский",2317,961,238,6,39,50,487,83,13,3,8,8,0,6,6,14,"41.4760466119983","50.6763787721124",474,"49.3236212278876"
"315","Октябрьский",2008,637,225,4,24,46,204,60,18,3,2,16,2,9,9,15,"31.7231075697211","32.0251177394035",433,"67.9748822605965"
"316","Октябрьский",2020,619,220,9,27,50,190,52,19,3,17,5,2,2,5,18,"30.6435643564356","30.6946688206785",429,"69.3053311793215"
"317","Октябрьский",2396,732,259,12,34,43,261,44,15,3,15,7,1,8,8,22,"30.550918196995","35.655737704918",471,"64.344262295082"
"318","Октябрьский",1959,495,224,6,36,24,121,43,10,3,1,8,0,4,4,11,"25.2679938744257","24.4444444444444",374,"75.5555555555556"
"319","Октябрьский",1592,521,159,7,30,29,198,51,9,1,10,5,0,1,5,16,"32.7261306532663","38.0038387715931",323,"61.9961612284069"
"320","Октябрьский",1757,623,205,7,40,18,270,31,19,0,6,3,2,8,8,6,"35.4581673306773","43.338683788122",353,"56.661316211878"
"321","Октябрьский",1688,561,202,4,30,31,217,35,13,0,6,0,1,5,2,15,"33.2345971563981","38.680926916221",344,"61.319073083779"
"322","Октябрьский",1482,753,38,1,5,0,655,34,6,1,2,7,0,1,1,2,"50.8097165991903","86.9853917662683",98,"13.0146082337317"
"323","Октябрьский",1934,987,65,2,45,7,839,16,3,1,2,2,1,0,0,4,"51.0341261633919","85.0050658561297",148,"14.9949341438703"
"324","Октябрьский",1643,544,189,9,32,20,200,54,7,3,4,1,0,8,4,13,"33.1101643335362","36.7647058823529",344,"63.2352941176471"
"325","Октябрьский",1276,381,107,2,6,3,190,43,8,1,1,4,1,3,1,11,"29.858934169279","49.8687664041995",191,"50.1312335958005"
"326","Октябрьский",1095,377,105,9,19,24,160,19,5,2,3,9,0,3,3,16,"34.4292237442922","42.4403183023873",217,"57.5596816976127"
"327","Октябрьский",1787,633,187,10,43,27,245,59,9,1,5,10,0,5,10,22,"35.4224958030218","38.7045813586098",388,"61.2954186413902"
"328","Октябрьский",2128,851,279,9,48,42,330,69,15,6,2,18,1,3,8,21,"39.9906015037594","38.7779083431257",521,"61.2220916568743"
"329","Октябрьский",2262,725,256,9,46,39,256,53,14,1,4,16,2,7,3,19,"32.0512820512821","35.3103448275862",469,"64.6896551724138"
"330","Октябрьский",2412,1056,253,7,44,63,522,68,19,8,14,13,3,7,9,26,"43.7810945273632","49.4318181818182",534,"50.5681818181818"
"331","Октябрьский",197,196,2,0,0,0,192,2,0,0,0,0,0,0,0,0,"99.492385786802","97.9591836734694",4,"2.04081632653061"
"332","Октябрьский",363,354,4,0,2,0,347,0,0,0,0,1,0,0,0,0,"97.5206611570248","98.0225988700565",7,"1.9774011299435"
"333","Октябрьский",300,300,20,4,2,5,255,1,5,0,0,2,0,2,0,4,100,85,45,15
"334","Октябрьский",911,910,2,0,1,0,906,0,0,0,1,0,0,0,0,0,"99.8902305159166","99.5604395604396",4,"0.43956043956044"
"335","Октябрьский",302,292,98,3,24,19,106,16,1,1,4,6,0,3,0,11,"96.6887417218543","36.3013698630137",186,"63.6986301369863"
"336","Октябрьский",1212,1182,106,4,15,7,999,14,9,0,3,5,0,3,0,17,"97.5247524752475","84.5177664974619",183,"15.4822335025381"
"337","Октябрьский",607,607,19,0,12,0,570,3,0,0,0,0,0,0,0,3,100,"93.9044481054366",37,"6.09555189456343"
"338","Октябрьский",1080,1062,10,0,2,0,1042,2,1,1,1,1,0,0,2,0,"98.3333333333333","98.1167608286252",20,"1.88323917137476"
"339","Октябрьский",2091,918,265,9,38,49,433,54,8,2,13,16,1,1,9,20,"43.9024390243902","47.1677559912854",485,"52.8322440087146"
"340","Октябрьский",2647,946,322,13,54,84,312,75,15,5,11,15,1,11,5,23,"35.738571968266","32.9809725158562",634,"67.0190274841438"
"341","Октябрьский",2475,828,312,9,39,40,262,73,18,7,13,7,0,10,8,30,"33.4545454545455","31.6425120772947",566,"68.3574879227053"
"342","Октябрьский",2144,1135,215,10,35,34,738,52,6,1,6,9,0,4,7,18,"52.9384328358209","65.0220264317181",397,"34.9779735682819"
"343","Октябрьский",1711,812,162,1,27,18,545,19,8,3,5,8,0,1,4,11,"47.4576271186441","67.1182266009852",267,"32.8817733990148"
"344","Октябрьский",1002,386,135,5,10,19,150,27,11,2,5,6,1,2,3,10,"38.5229540918164","38.860103626943",236,"61.139896373057"
"345","Октябрьский",1194,582,52,2,26,14,441,14,6,2,0,6,2,4,2,11,"48.7437185929648","75.7731958762887",141,"24.2268041237113"
