"year","city","temp"
1850,"Baghdad","33.436"
1850,"Calcutta","29.244"
1850,"Delhi","31.56833333333333"
1850,"Mashhad","23.158"
1850,"Moscow","18.205333333333332"
1851,"Baghdad","34.39333333333334"
1851,"Calcutta","29.221333333333334"
1851,"Delhi","31.361333333333334"
1851,"Mashhad","23.634666666666664"
1851,"Moscow","16.669666666666668"
1852,"Baghdad","33.661"
1852,"Calcutta","28.947000000000003"
1852,"Delhi","31.271333333333335"
1852,"Mashhad","23.391333333333336"
1852,"Moscow","16.361666666666668"
1853,"Baghdad","34.169"
1853,"Calcutta","29.714"
1853,"Delhi","31.903333333333336"
1853,"Mashhad","23.652666666666665"
1853,"Moscow","16.351"
1854,"Baghdad","32.80733333333333"
1854,"Calcutta","29.35766666666667"
1854,"Delhi","31.608666666666668"
1854,"Mashhad","22.68733333333334"
1854,"Moscow","17.659000000000002"
1855,"Baghdad","33.88066666666666"
1855,"Calcutta","29.20566666666667"
1855,"Delhi","31.501333333333335"
1855,"Mashhad","23.33966666666667"
1855,"Moscow","17.307000000000002"
1856,"Baghdad","34.10333333333333"
1856,"Calcutta","28.642666666666667"
1856,"Delhi","31.040666666666667"
1856,"Mashhad","23.453000000000003"
1856,"Moscow","15.209999999999999"
1857,"Baghdad","32.979000000000006"
1857,"Calcutta","28.38233333333333"
1857,"Delhi","30.727999999999998"
1857,"Mashhad","22.992666666666665"
1857,"Moscow","15.535000000000002"
1858,"Baghdad","34.17666666666667"
1858,"Calcutta","28.796666666666667"
1858,"Mashhad","23.449333333333332"
1858,"Moscow","17.02"
1859,"Baghdad","33.684"
1859,"Calcutta","28.900666666666666"
1859,"Mashhad","23.64633333333333"
1859,"Moscow","17.097333333333335"
1860,"Baghdad","34.84766666666667"
1860,"Calcutta","29.145666666666667"
1860,"Mashhad","24.171666666666667"
1860,"Moscow","17.816999999999997"
1861,"Baghdad","33.16833333333333"
1861,"Calcutta","28.91033333333333"
1861,"Mashhad","22.98266666666667"
1861,"Moscow","17.27933333333333"
1862,"Baghdad","33.60433333333334"
1862,"Mashhad","23.248333333333335"
1862,"Moscow","15.764000000000001"
1863,"Baghdad","33.336666666666666"
1863,"Calcutta","28.851333333333333"
1863,"Mashhad","23.393"
1863,"Moscow","15.630333333333333"
1864,"Baghdad","33.56166666666667"
1864,"Calcutta","29.072333333333333"
1864,"Mashhad","23.913666666666668"
1864,"Moscow","17.652333333333335"
1865,"Baghdad","33.82266666666667"
1865,"Calcutta","29.266333333333332"
1865,"Mashhad","23.374666666666666"
1865,"Moscow","15.761666666666668"
1866,"Baghdad","33.82666666666667"
1866,"Calcutta","29.215"
1866,"Mashhad","23.51733333333333"
1866,"Moscow","17.09266666666667"
1867,"Baghdad","33.202000000000005"
1867,"Calcutta","29.19333333333333"
1867,"Mashhad","23.157333333333337"
1867,"Moscow","15.981"
1868,"Baghdad","33.524"
1868,"Calcutta","29.154666666666667"
1868,"Mashhad","23.080333333333332"
1868,"Moscow","17.297"
1869,"Baghdad","34.61633333333334"
1869,"Calcutta","29.029333333333337"
1869,"Mashhad","24.136666666666667"
1869,"Moscow","17.722333333333335"
1870,"Baghdad","33.34866666666667"
1870,"Calcutta","28.715999999999998"
1870,"Delhi","31.34466666666667"
1870,"Mashhad","23.529666666666667"
1870,"Moscow","15.445666666666668"
1871,"Baghdad","33.16866666666667"
1871,"Calcutta","29.19633333333333"
1871,"Delhi","31.45866666666667"
1871,"Mashhad","23.279666666666667"
1871,"Moscow","16.721333333333334"
1872,"Baghdad","33.77766666666667"
1872,"Calcutta","29.098333333333333"
1872,"Delhi","31.343333333333334"
1872,"Mashhad","23.472333333333335"
1872,"Moscow","16.833"
1873,"Baghdad","33.448"
1873,"Calcutta","29.310333333333332"
1873,"Delhi","31.583000000000002"
1873,"Mashhad","23.34"
1873,"Moscow","16.892"
1874,"Baghdad","33.24133333333334"
1874,"Calcutta","29.21166666666667"
1874,"Delhi","31.491333333333333"
1874,"Mashhad","23.163"
1874,"Moscow","15.593333333333334"
1875,"Baghdad","33.562000000000005"
1875,"Calcutta","29.089"
1875,"Delhi","31.701999999999998"
1875,"Mashhad","24.040666666666667"
1875,"Moscow","16.833000000000002"
1876,"Baghdad","33.771"
1876,"Calcutta","29.176333333333332"
1876,"Delhi","31.970333333333333"
1876,"Mashhad","23.577"
1876,"Moscow","17.503666666666668"
1877,"Baghdad","33.931000000000004"
1877,"Calcutta","29.343999999999998"
1877,"Delhi","32.871"
1877,"Mashhad","23.51533333333333"
1877,"Moscow","15.757333333333333"
1878,"Baghdad","34.993"
1878,"Calcutta","29.885666666666665"
1878,"Delhi","32.59433333333333"
1878,"Mashhad","24.069666666666667"
1878,"Moscow","15.72166666666667"
1879,"Baghdad","34.181333333333335"
1879,"Calcutta","28.911"
1879,"Delhi","30.808666666666667"
1879,"Mashhad","23.549666666666667"
1879,"Moscow","15.620666666666667"
1880,"Baghdad","33.660666666666664"
1880,"Calcutta","28.850666666666665"
1880,"Delhi","31.61766666666667"
1880,"Mashhad","23.261"
1880,"Moscow","16.546000000000003"
1881,"Baghdad","33.73233333333334"
1881,"Calcutta","28.957333333333334"
1881,"Delhi","31.051666666666666"
1881,"Mashhad","23.203333333333333"
1881,"Moscow","16.165333333333333"
1882,"Baghdad","33.800000000000004"
1882,"Calcutta","28.88"
1882,"Delhi","30.59266666666667"
1882,"Mashhad","23.692333333333334"
1882,"Moscow","17.860333333333333"
1883,"Baghdad","34.483000000000004"
1883,"Calcutta","28.954333333333334"
1883,"Delhi","31.809"
1883,"Mashhad","24.23933333333333"
1883,"Moscow","16.884666666666668"
1884,"Baghdad","33.443000000000005"
1884,"Calcutta","28.821"
1884,"Delhi","31.089333333333332"
1884,"Mashhad","22.832666666666668"
1884,"Moscow","15.427000000000001"
1885,"Baghdad","33.68866666666667"
1885,"Calcutta","29.089"
1885,"Delhi","30.821"
1885,"Mashhad","23.087999999999997"
1885,"Moscow","16.756666666666668"
1886,"Baghdad","33.818666666666665"
1886,"Calcutta","29.162666666666667"
1886,"Delhi","30.805333333333337"
1886,"Mashhad","23.60966666666667"
1886,"Moscow","16.110666666666667"
1887,"Baghdad","33.59166666666667"
1887,"Calcutta","28.914666666666665"
1887,"Delhi","30.608333333333334"
1887,"Mashhad","23.075"
1887,"Moscow","15.297666666666666"
1888,"Baghdad","33.535000000000004"
1888,"Calcutta","29.372"
1888,"Delhi","31.265000000000004"
1888,"Mashhad","23.401666666666667"
1888,"Moscow","14.953666666666669"
1889,"Baghdad","33.824000000000005"
1889,"Calcutta","29.309"
1889,"Delhi","31.157999999999998"
1889,"Mashhad","23.84766666666667"
1889,"Moscow","16.094333333333335"
1890,"Baghdad","33.52"
1890,"Calcutta","28.55966666666667"
1890,"Delhi","30.429000000000002"
1890,"Mashhad","23.695999999999998"
1890,"Moscow","18.276666666666667"
1891,"Baghdad","34.024"
1891,"Calcutta","29.367333333333335"
1891,"Delhi","32.233666666666664"
1891,"Mashhad","23.432666666666666"
1891,"Moscow","16.693"
1892,"Baghdad","34.089"
1892,"Calcutta","28.879666666666665"
1892,"Delhi","31.168666666666667"
1892,"Mashhad","23.423000000000002"
1892,"Moscow","16.47066666666667"
1893,"Baghdad","33.788000000000004"
1893,"Calcutta","28.602333333333334"
1893,"Delhi","30.317666666666668"
1893,"Mashhad","23.64166666666667"
1893,"Moscow","16.494666666666664"
1894,"Baghdad","33.12733333333333"
1894,"Calcutta","28.685000000000002"
1894,"Delhi","30.459"
1894,"Mashhad","23.20266666666667"
1894,"Moscow","15.862333333333334"
1895,"Baghdad","33.465"
1895,"Calcutta","29.197666666666667"
1895,"Delhi","30.956000000000003"
1895,"Mashhad","22.656666666666666"
1895,"Moscow","16.888"
1896,"Baghdad","32.869"
1896,"Calcutta","29.265666666666664"
1896,"Delhi","31.671666666666667"
1896,"Mashhad","22.887"
1896,"Moscow","17.679333333333332"
1897,"Baghdad","33.51"
1897,"Calcutta","29.389666666666667"
1897,"Delhi","31.83366666666667"
1897,"Mashhad","23.18433333333333"
1897,"Moscow","18.082666666666668"
1898,"Baghdad","34.077666666666666"
1898,"Calcutta","29.019333333333332"
1898,"Delhi","31.796666666666667"
1898,"Mashhad","23.032"
1898,"Moscow","17.379"
1899,"Baghdad","34.294333333333334"
1899,"Calcutta","29.139333333333337"
1899,"Delhi","31.726"
1899,"Mashhad","24.167666666666666"
1899,"Moscow","14.999666666666668"
1900,"Baghdad","33.11233333333333"
1900,"Calcutta","29.421666666666667"
1900,"Delhi","32.580000000000005"
1900,"Mashhad","22.85366666666667"
1900,"Moscow","16.316333333333336"
1901,"Baghdad","34.84966666666667"
1901,"Calcutta","29.721"
1901,"Delhi","32.72933333333334"
1901,"Mashhad","22.982"
1901,"Moscow","18.76366666666667"
1902,"Baghdad","34.830000000000005"
1902,"Calcutta","29.494"
1902,"Delhi","31.801"
1902,"Mashhad","23.651666666666667"
1902,"Moscow","15.721666666666666"
1903,"Baghdad","34.44433333333333"
1903,"Calcutta","29.576999999999998"
1903,"Delhi","32.836999999999996"
1903,"Mashhad","23.49"
1903,"Moscow","17.561000000000003"
1904,"Baghdad","33.96266666666667"
1904,"Calcutta","29.039"
1904,"Delhi","31.132"
1904,"Mashhad","23.098"
1904,"Moscow","14.060666666666668"
1905,"Baghdad","33.94833333333333"
1905,"Calcutta","29.649666666666665"
1905,"Delhi","32.75933333333334"
1905,"Mashhad","23.61366666666667"
1905,"Moscow","16.738666666666667"
1906,"Baghdad","33.683"
1906,"Calcutta","29.51133333333333"
1906,"Delhi","31.700333333333333"
1906,"Mashhad","23.86"
1906,"Moscow","16.938333333333336"
1907,"Baghdad","33.282333333333334"
1907,"Calcutta","29.353666666666665"
1907,"Delhi","32.446000000000005"
1907,"Mashhad","22.703333333333333"
1907,"Moscow","15.955666666666668"
1908,"Baghdad","33.76766666666666"
1908,"Calcutta","29.285666666666668"
1908,"Delhi","31.355"
1908,"Mashhad","23.514333333333337"
1908,"Moscow","15.767666666666669"
1909,"Baghdad","33.976333333333336"
1909,"Calcutta","28.771666666666665"
1909,"Delhi","30.58933333333334"
1909,"Mashhad","23.02633333333333"
1909,"Moscow","15.803666666666667"
1910,"Baghdad","34.05233333333333"
1910,"Calcutta","29.03533333333333"
1910,"Delhi","31.029333333333337"
1910,"Mashhad","22.787666666666667"
1910,"Moscow","16.331666666666667"
1911,"Baghdad","33.184333333333335"
1911,"Calcutta","29.167333333333335"
1911,"Delhi","32.88833333333333"
1911,"Mashhad","23.47"
1911,"Moscow","15.797333333333334"
1912,"Baghdad","33.97133333333333"
1912,"Calcutta","29.377666666666666"
1912,"Delhi","32.177666666666674"
1912,"Mashhad","23.51733333333333"
1912,"Moscow","16.70566666666667"
1913,"Baghdad","33.53366666666667"
1913,"Calcutta","28.672666666666668"
1913,"Delhi","31.072"
1913,"Mashhad","23.360000000000003"
1913,"Moscow","16.607000000000003"
1914,"Baghdad","32.88633333333333"
1914,"Calcutta","29.123333333333335"
1914,"Delhi","31.355666666666668"
1914,"Mashhad","23.68733333333334"
1914,"Moscow","16.621"
1915,"Baghdad","33.81033333333333"
1915,"Calcutta","29.570000000000004"
1915,"Delhi","32.556666666666665"
1915,"Mashhad","23.727666666666664"
1915,"Moscow","15.647"
1916,"Baghdad","33.60933333333333"
1916,"Calcutta","28.98"
1916,"Delhi","30.913"
1916,"Mashhad","22.913666666666668"
1916,"Moscow","15.527000000000001"
1917,"Baghdad","33.845"
1917,"Calcutta","28.987666666666666"
1917,"Delhi","30.46066666666667"
1917,"Mashhad","23.43166666666667"
1917,"Moscow","17.98"
1918,"Baghdad","32.98733333333333"
1918,"Calcutta","28.891333333333336"
1918,"Delhi","32.297333333333334"
1918,"Mashhad","23.121666666666666"
1918,"Moscow","15.491999999999999"
1919,"Baghdad","32.836000000000006"
1919,"Calcutta","29.177333333333333"
1919,"Delhi","31.67833333333333"
1919,"Mashhad","23.643333333333334"
1919,"Moscow","16.483333333333334"
1920,"Baghdad","33.211000000000006"
1920,"Calcutta","29.768666666666665"
1920,"Delhi","30.834333333333337"
1920,"Mashhad","22.979"
1920,"Moscow","17.550666666666668"
1921,"Baghdad","34.314666666666675"
1921,"Calcutta","29.26533333333333"
1921,"Delhi","32.11333333333334"
1921,"Mashhad","23.769000000000002"
1921,"Moscow","16.212666666666667"
1922,"Baghdad","34.193999999999996"
1922,"Calcutta","28.918333333333333"
1922,"Delhi","31.281666666666666"
1922,"Mashhad","23.639"
1922,"Moscow","16.521000000000004"
1923,"Baghdad","33.445"
1923,"Calcutta","29.462666666666667"
1923,"Delhi","32.17366666666667"
1923,"Mashhad","23.570000000000004"
1923,"Moscow","14.757333333333335"
1924,"Baghdad","34.12266666666667"
1924,"Calcutta","29.837000000000003"
1924,"Delhi","32.117333333333335"
1924,"Mashhad","23.036"
1924,"Moscow","16.557333333333332"
1925,"Baghdad","33.269666666666666"
1925,"Calcutta","29.388333333333332"
1925,"Delhi","30.44966666666667"
1925,"Mashhad","24.596666666666668"
1925,"Moscow","16.511333333333333"
1926,"Baghdad","33.34166666666667"
1926,"Calcutta","29.79733333333333"
1926,"Delhi","32.49033333333333"
1926,"Mashhad","23.588333333333335"
1926,"Moscow","15.596000000000002"
1927,"Baghdad","34.447"
1927,"Calcutta","29.531000000000002"
1927,"Delhi","31.57133333333333"
1927,"Mashhad","24.322666666666663"
1927,"Moscow","17.739"
1928,"Baghdad","33.827666666666666"
1928,"Calcutta","29.069"
1928,"Delhi","32.080333333333336"
1928,"Mashhad","22.68433333333333"
1928,"Moscow","14.426000000000002"
1929,"Baghdad","33.57033333333333"
1929,"Calcutta","29.244333333333334"
1929,"Delhi","31.389666666666667"
1929,"Mashhad","22.308999999999997"
1929,"Moscow","16.74"
1930,"Baghdad","34.15566666666667"
1930,"Calcutta","29.280666666666665"
1930,"Delhi","31.045333333333335"
1930,"Mashhad","23.365"
1930,"Moscow","16.225333333333335"
1931,"Baghdad","34.275333333333336"
1931,"Calcutta","29.858999999999998"
1931,"Delhi","32.574999999999996"
1931,"Mashhad","23.356666666666666"
1931,"Moscow","17.072"
1932,"Baghdad","34.027"
1932,"Calcutta","29.367"
1932,"Delhi","32.521"
1932,"Mashhad","22.591333333333335"
1932,"Moscow","18.017"
1933,"Baghdad","33.05466666666667"
1933,"Calcutta","28.94033333333333"
1933,"Delhi","30.93166666666667"
1933,"Mashhad","23.67833333333333"
1933,"Moscow","16.151"
1934,"Baghdad","33.665333333333336"
1934,"Calcutta","29.271"
1934,"Delhi","31.13066666666667"
1934,"Mashhad","23.600666666666665"
1934,"Moscow","16.47266666666667"
1935,"Baghdad","34.274"
1935,"Calcutta","29.570000000000004"
1935,"Delhi","31.84"
1935,"Mashhad","23.310999999999996"
1935,"Moscow","16.076000000000004"
1936,"Baghdad","33.99733333333333"
1936,"Calcutta","29.031000000000002"
1936,"Delhi","30.438666666666666"
1936,"Mashhad","23.61766666666667"
1936,"Moscow","19.38633333333333"
1937,"Baghdad","33.928333333333335"
1937,"Calcutta","29.30933333333333"
1937,"Delhi","31.968333333333334"
1937,"Mashhad","24.257666666666665"
1937,"Moscow","17.448666666666668"
1938,"Baghdad","34.464000000000006"
1938,"Calcutta","29.031333333333333"
1938,"Delhi","31.402333333333335"
1938,"Mashhad","22.927999999999997"
1938,"Moscow","19.564666666666664"
1939,"Baghdad","33.06933333333333"
1939,"Calcutta","29.16633333333333"
1939,"Delhi","31.738"
1939,"Mashhad","24.08366666666667"
1939,"Moscow","18.411666666666665"
1940,"Baghdad","34.178666666666665"
1940,"Calcutta","29.415333333333333"
1940,"Delhi","31.790000000000003"
1940,"Mashhad","24.116666666666664"
1940,"Moscow","17.234333333333336"
1941,"Baghdad","33.816"
1941,"Calcutta","29.43466666666667"
1941,"Delhi","32.266333333333336"
1941,"Mashhad","24.24466666666667"
1941,"Moscow","16.43433333333333"
1942,"Baghdad","34.37833333333333"
1942,"Calcutta","29.712999999999997"
1942,"Delhi","31.409666666666666"
1942,"Mashhad","23.543666666666667"
1942,"Moscow","15.9"
1943,"Baghdad","33.58866666666667"
1943,"Calcutta","29.04733333333333"
1943,"Delhi","31.057666666666666"
1943,"Mashhad","23.31533333333333"
1943,"Moscow","16.567666666666668"
1944,"Baghdad","33.667"
1944,"Calcutta","29.519000000000002"
1944,"Delhi","31.29066666666667"
1944,"Mashhad","24.480333333333334"
1944,"Moscow","16.19633333333333"
1945,"Baghdad","33.51166666666666"
1945,"Calcutta","29.65533333333333"
1945,"Delhi","31.962666666666667"
1945,"Mashhad","23.884666666666664"
1945,"Moscow","16.706999999999997"
1946,"Baghdad","33.540666666666674"
1946,"Calcutta","29.226333333333333"
1946,"Delhi","31.430666666666667"
1946,"Mashhad","22.881"
1946,"Moscow","18.603666666666665"
1947,"Baghdad","34.153333333333336"
1947,"Calcutta","29.567333333333334"
1947,"Delhi","32.779666666666664"
1947,"Mashhad","23.586"
1947,"Moscow","17.045666666666666"
1948,"Baghdad","33.971666666666664"
1948,"Calcutta","29.454333333333334"
1948,"Delhi","32.04566666666667"
1948,"Mashhad","24.207000000000004"
1948,"Moscow","17.47566666666667"
1949,"Baghdad","33.572"
1949,"Calcutta","29.383333333333336"
1949,"Delhi","31.828"
1949,"Mashhad","23.671666666666667"
1949,"Moscow","16.431"
1950,"Baghdad","32.48466666666667"
1950,"Calcutta","29.090666666666667"
1950,"Delhi","31.557000000000006"
1950,"Mashhad","23.21366666666667"
1950,"Moscow","14.782000000000002"
1951,"Baghdad","34.529666666666664"
1951,"Calcutta","29.634666666666664"
1951,"Delhi","32.40133333333333"
1951,"Mashhad","22.774333333333335"
1951,"Moscow","17.297"
1952,"Baghdad","33.821333333333335"
1952,"Calcutta","29.417333333333332"
1952,"Delhi","31.232333333333333"
1952,"Mashhad","23.102"
1952,"Moscow","16.656000000000002"
1953,"Baghdad","33.74466666666667"
1953,"Calcutta","29.272000000000002"
1953,"Delhi","31.926333333333332"
1953,"Mashhad","23.531333333333333"
1953,"Moscow","17.936333333333334"
1954,"Baghdad","34.662333333333336"
1954,"Calcutta","29.174000000000003"
1954,"Delhi","32.542"
1954,"Mashhad","22.573666666666668"
1954,"Moscow","18.69066666666667"
1955,"Baghdad","34.011"
1955,"Calcutta","29.195000000000004"
1955,"Delhi","32.041333333333334"
1955,"Mashhad","24.206333333333333"
1955,"Moscow","16.349666666666668"
1956,"Baghdad","34.099333333333334"
1956,"Calcutta","28.698666666666668"
1956,"Delhi","31.070666666666668"
1956,"Mashhad","23.245"
1956,"Moscow","16.412666666666667"
1957,"Baghdad","33.97"
1957,"Calcutta","29.81866666666667"
1957,"Delhi","31.871"
1957,"Mashhad","22.11633333333334"
1957,"Moscow","16.644333333333336"
1958,"Baghdad","33.91466666666667"
1958,"Calcutta","30.149333333333335"
1958,"Delhi","32.106"
1958,"Mashhad","23.557666666666666"
1958,"Moscow","15.694666666666668"
1959,"Baghdad","33.173"
1959,"Calcutta","29.352999999999998"
1959,"Delhi","31.814333333333337"
1959,"Mashhad","23.66633333333333"
1959,"Moscow","17.800333333333338"
1960,"Baghdad","34.248"
1960,"Calcutta","29.554666666666666"
1960,"Delhi","32.054"
1960,"Mashhad","23.658"
1960,"Moscow","18.122666666666664"
1961,"Baghdad","34.788000000000004"
1961,"Calcutta","29.362666666666666"
1961,"Delhi","31.552666666666667"
1961,"Mashhad","23.767666666666667"
1961,"Moscow","17.739"
1962,"Baghdad","35.33466666666667"
1962,"Calcutta","29.511"
1962,"Delhi","32.20166666666667"
1962,"Mashhad","22.688333333333333"
1962,"Moscow","14.508666666666668"
1963,"Baghdad","34.361999999999995"
1963,"Calcutta","29.451333333333334"
1963,"Delhi","31.956666666666667"
1963,"Mashhad","23.697"
1963,"Moscow","16.403666666666666"
1964,"Baghdad","34.14066666666667"
1964,"Calcutta","29.419"
1964,"Delhi","31.384333333333334"
1964,"Mashhad","23.810000000000002"
1964,"Moscow","17.528000000000002"
1965,"Baghdad","34.989666666666665"
1965,"Calcutta","29.391333333333336"
1965,"Delhi","32.156666666666666"
1965,"Mashhad","23.51733333333333"
1965,"Moscow","15.574666666666667"
1966,"Baghdad","34.81766666666667"
1966,"Calcutta","29.62833333333333"
1966,"Delhi","31.715000000000003"
1966,"Mashhad","24.373333333333335"
1966,"Moscow","17.018000000000004"
1967,"Baghdad","33.062333333333335"
1967,"Calcutta","29.634666666666664"
1967,"Delhi","31.541"
1967,"Mashhad","22.871666666666666"
1967,"Moscow","16.874333333333336"
1968,"Baghdad","33.541"
1968,"Calcutta","28.823999999999998"
1968,"Delhi","31.638"
1968,"Mashhad","22.842666666666663"
1968,"Moscow","16.679000000000002"
1969,"Baghdad","33.89766666666667"
1969,"Calcutta","29.426333333333332"
1969,"Delhi","32.159"
1969,"Mashhad","22.612333333333336"
1969,"Moscow","15.767333333333331"
1970,"Baghdad","33.76933333333333"
1970,"Calcutta","29.292333333333332"
1970,"Delhi","31.429666666666666"
1970,"Mashhad","23.785666666666668"
1970,"Moscow","16.773"
1971,"Baghdad","33.445"
1971,"Calcutta","28.352333333333334"
1971,"Delhi","30.257"
1971,"Mashhad","23.540666666666667"
1971,"Moscow","16.564"
1972,"Baghdad","34.07366666666667"
1972,"Calcutta","29.686000000000003"
1972,"Delhi","32.224333333333334"
1972,"Mashhad","21.912666666666667"
1972,"Moscow","19.96766666666667"
1973,"Baghdad","34.126666666666665"
1973,"Calcutta","29.301666666666666"
1973,"Delhi","31.653333333333336"
1973,"Mashhad","24.351333333333333"
1973,"Moscow","16.777"
1974,"Baghdad","33.862"
1974,"Calcutta","29.33566666666667"
1974,"Delhi","31.531000000000002"
1974,"Mashhad","23.029666666666667"
1974,"Moscow","16.395333333333333"
1975,"Baghdad","34.541000000000004"
1975,"Calcutta","29.23766666666667"
1975,"Delhi","30.914"
1975,"Mashhad","24.375333333333334"
1975,"Moscow","16.700333333333333"
1976,"Baghdad","33.568333333333335"
1976,"Calcutta","29.179999999999996"
1976,"Delhi","30.821"
1976,"Mashhad","23.958333333333332"
1976,"Moscow","14.454666666666668"
1977,"Baghdad","34.58233333333334"
1977,"Calcutta","29.096999999999998"
1977,"Delhi","30.704333333333334"
1977,"Mashhad","24.833"
1977,"Moscow","16.568"
1978,"Baghdad","33.699666666666666"
1978,"Calcutta","29.325333333333333"
1978,"Delhi","30.893666666666665"
1978,"Mashhad","23.214333333333332"
1978,"Moscow","15.079"
1979,"Baghdad","34.79066666666666"
1979,"Calcutta","30.03"
1979,"Delhi","32.27266666666667"
1979,"Mashhad","23.644666666666666"
1979,"Moscow","16.451"
1980,"Baghdad","35.03366666666667"
1980,"Calcutta","29.44633333333333"
1980,"Delhi","31.534000000000002"
1980,"Mashhad","24.144333333333332"
1980,"Moscow","16.273"
1981,"Baghdad","34.09366666666667"
1981,"Calcutta","29.457333333333334"
1981,"Delhi","32.12733333333333"
1981,"Mashhad","23.562"
1981,"Moscow","18.808333333333334"
1982,"Baghdad","33.29266666666667"
1982,"Calcutta","29.629666666666665"
1982,"Delhi","32.207"
1982,"Mashhad","23.225666666666665"
1982,"Moscow","15.819333333333338"
1983,"Baghdad","33.845666666666666"
1983,"Calcutta","29.987333333333336"
1983,"Delhi","31.50266666666667"
1983,"Mashhad","25.401"
1983,"Moscow","15.864666666666665"
1984,"Baghdad","33.526"
1984,"Calcutta","28.877666666666666"
1984,"Delhi","31.757666666666665"
1984,"Mashhad","25.045333333333332"
1984,"Moscow","15.495333333333335"
1985,"Baghdad","34.13233333333334"
1985,"Calcutta","29.354"
1985,"Delhi","31.749333333333336"
1985,"Mashhad","24.372666666666664"
1985,"Moscow","16.491333333333333"
1986,"Baghdad","34.26333333333334"
1986,"Calcutta","29.65433333333333"
1986,"Delhi","31.661666666666665"
1986,"Mashhad","23.384666666666664"
1986,"Moscow","17.12566666666667"
1987,"Baghdad","34.62533333333334"
1987,"Calcutta","29.842333333333332"
1987,"Delhi","33.942"
1987,"Mashhad","24.160666666666668"
1987,"Moscow","15.998666666666667"
1988,"Baghdad","34.08866666666666"
1988,"Calcutta","29.388"
1988,"Delhi","31.397333333333336"
1988,"Mashhad","24.450333333333333"
1988,"Moscow","18.596333333333337"
1989,"Baghdad","34.943666666666665"
1989,"Calcutta","29.391666666666666"
1989,"Delhi","31.799666666666667"
1989,"Mashhad","24.953333333333333"
1989,"Moscow","18.060000000000002"
1990,"Baghdad","34.877"
1990,"Calcutta","29.511666666666667"
1990,"Delhi","31.712999999999997"
1990,"Mashhad","25.008666666666667"
1990,"Moscow","15.516"
1991,"Baghdad","34.208666666666666"
1991,"Calcutta","29.548999999999996"
1991,"Delhi","32.657000000000004"
1991,"Mashhad","23.817666666666668"
1991,"Moscow","17.393333333333334"
1992,"Baghdad","33.236333333333334"
1992,"Calcutta","29.511"
1992,"Delhi","32.062333333333335"
1992,"Mashhad","23.201666666666668"
1992,"Moscow","17.395666666666667"
1993,"Baghdad","34.135"
1993,"Calcutta","29.38233333333333"
1993,"Delhi","32.35566666666667"
1993,"Mashhad","23.642666666666667"
1993,"Moscow","15.254666666666667"
1994,"Baghdad","33.78266666666667"
1994,"Calcutta","29.397666666666666"
1994,"Delhi","31.807000000000002"
1994,"Mashhad","24.717333333333332"
1994,"Moscow","15.766666666666667"
1995,"Baghdad","34.221000000000004"
1995,"Calcutta","29.619"
1995,"Delhi","32.535"
1995,"Mashhad","25.338666666666665"
1995,"Moscow","17.433000000000003"
1996,"Baghdad","35.172333333333334"
1996,"Calcutta","29.194333333333333"
1996,"Delhi","31.415333333333333"
1996,"Mashhad","24.504666666666665"
1996,"Moscow","16.960666666666665"
1997,"Baghdad","34.092000000000006"
1997,"Calcutta","29.616"
1997,"Delhi","31.554333333333336"
1997,"Mashhad","25.273"
1997,"Moscow","17.646"
1998,"Baghdad","36.344"
1998,"Calcutta","30.25"
1998,"Delhi","32.093333333333334"
1998,"Mashhad","24.790000000000003"
1998,"Moscow","17.46666666666667"
1999,"Baghdad","35.83266666666666"
1999,"Calcutta","29.281333333333333"
1999,"Delhi","32.46366666666667"
1999,"Mashhad","24.854666666666663"
1999,"Moscow","19.114333333333335"
2000,"Baghdad","36.388"
2000,"Calcutta","29.625"
2000,"Delhi","31.562"
2000,"Mashhad","24.351333333333333"
2000,"Moscow","16.779666666666667"
2001,"Baghdad","36.098333333333336"
2001,"Calcutta","29.220333333333333"
2001,"Delhi","31.19666666666667"
2001,"Mashhad","25.026"
2001,"Moscow","18.205000000000002"
2002,"Baghdad","35.205666666666666"
2002,"Calcutta","29.685333333333332"
2002,"Delhi","33.49166666666667"
2002,"Mashhad","25.11766666666667"
2002,"Moscow","18.415000000000003"
2003,"Baghdad","35.422000000000004"
2003,"Calcutta","29.713333333333335"
2003,"Delhi","32.07666666666667"
2003,"Mashhad","24.394333333333332"
2003,"Moscow","16.34166666666667"
2004,"Baghdad","34.927"
2004,"Calcutta","29.558333333333334"
2004,"Delhi","31.942000000000004"
2004,"Mashhad","24.667666666666666"
2004,"Moscow","17.042333333333332"
2005,"Baghdad","35.168"
2005,"Calcutta","29.971"
2005,"Delhi","32.36933333333334"
2005,"Mashhad","24.97866666666667"
2005,"Moscow","17.163"
2006,"Baghdad","36.21033333333333"
2006,"Calcutta","29.59566666666667"
2006,"Delhi","31.62066666666667"
2006,"Mashhad","25.62966666666667"
2006,"Moscow","17.42233333333333"
2007,"Baghdad","35.76333333333333"
2007,"Calcutta","29.73866666666667"
2007,"Delhi","32.38033333333333"
2007,"Mashhad","24.725000000000005"
2007,"Moscow","18.19933333333334"
2008,"Baghdad","36.042"
2008,"Calcutta","29.082333333333334"
2008,"Delhi","30.64566666666667"
2008,"Mashhad","25.552000000000003"
2008,"Moscow","17.137666666666664"
2009,"Baghdad","35.354000000000006"
2009,"Calcutta","30.257666666666665"
2009,"Delhi","33.111"
2009,"Mashhad","24.79433333333333"
2009,"Moscow","16.843666666666667"
2010,"Baghdad","37.132"
2010,"Calcutta","30.426666666666666"
2010,"Delhi","32.220333333333336"
2010,"Mashhad","25.727666666666668"
2010,"Moscow","21.542"
2011,"Baghdad","36.023666666666664"
2011,"Calcutta","29.44066666666667"
2011,"Delhi","31.329666666666668"
2011,"Mashhad","25.94666666666667"
2011,"Moscow","19.673333333333336"
2012,"Baghdad","36.552"
2012,"Calcutta","30.467"
2012,"Delhi","32.873333333333335"
2012,"Mashhad","24.99066666666667"
2012,"Moscow","17.909666666666666"
2013,"Baghdad","35.21933333333334"
2013,"Calcutta","30.052333333333333"
2013,"Delhi","31.33966666666667"
2013,"Mashhad","25.448000000000004"
2013,"Moscow","18.113000000000003"
